[{"id":"fe644dc7-244f-4ac4-a6c5-e8bb15bd8e95","path":"/requirements.txt"},{"id":"a4d33a85-4453-4f5b-b644-2ca9b164d8a3","path":"/data/eda_data.csv"},{"id":"14f13856-3c21-4c97-8cfa-d08406aebf09","path":"/data/laptop_data_test.csv"},{"id":"637d2feb-b050-4087-9c71-14a8f4e5a216","path":"/data/laptop_data_train.csv"},{"id":"3f1ecc3e-98b5-4d32-aeff-c529481a2d50","path":"/EE_559_Final_Project_Report_Latex_Template_S24_v2.tex"},{"id":"63b204d7-4b03-46c0-a266-c577581553d5","path":"/untitled/"},{"id":"f267474b-e9ce-41c4-9c98-3f1a9f9453aa","path":"/img"},{"id":"fe8a20d1-d7b1-475f-b99e-2fca0af064cf","path":"/predictions"},{"id":"7b6c6db1-3a02-4a4f-8946-ae4d2dc1cfd7","path":"/predictions/trivial_sys_0.85_pred.csv"},{"id":"c5791dc8-fc5c-418a-9c13-5baec9e37872","path":"/predictions/trivial_sys_60.0_pred.csv"},{"id":"01a47ea5-7591-4eb4-b932-ddea13df6e33","path":"/predictions/trivial_sys_50.0_pred.csv"},{"id":"e3cb17c4-3262-4b64-95fd-d0ee73fcdfd0","path":"/predictions/trivial_sys_60_pred.csv"},{"id":"2c4ca498-6eb0-41c8-8b3f-3471eebc6679","path":"/predictions/trivial_sys_50_pred.csv"},{"id":"46fedeaa-5cfc-48ad-9cc1-0d5c2273126e","path":"/predictions/trivial_sys_0.5_pred.csv"}]